Jacqui Walston  ,0,3
Martina Ferber  ,0,3
Tomasa Isenberg  ,0,2
Kirstin Hogge  ,0,2
Georgianna Winfrey  ,0,2
Karole Steely  ,0,3
Rosalee Laven  ,0,2
Kaylene Symes  ,0,3
Indira Consolini  ,0,2
Lacie Pressley  ,0,1
Tyson Mundy  ,0,3
Madelyn Danzy  ,0,3
Siu Mencer  ,0,1
Reggie Mcfalls  ,0,4
Genie Jasper  ,0,1
Carey Merkley  ,0,4
Geraldo Swayze  ,0,3
Jolene Alsup  ,0,1
Bryanna Ko  ,0,3
Deanne Fairclough  ,0,4
Wm Recalde  ,0,4
Brenton Bagwell  ,0,1
Luciano Brummett  ,0,4
Reina Mehring  ,0,1
Margy Beers  ,0,3
Mathew Castille  ,0,2
Leigha Eugene  ,0,1
Melany Vanfossen  ,0,4
Mandy Meier  ,0,2
Jonell Luedtke  ,0,4
Herbert Marini  ,0,4
Candis Kleiber  ,0,2
Ed Pickles  ,0,1
Roberta Hinchey  ,0,4
Frederic Beckstead  ,0,2
Marin Snuggs  ,0,4
Darryl Doke  ,0,3
Anthony Johnosn  ,0,3
Harris Looper  ,0,4
Edison Kohler  ,0,4
Alvera Flowers  ,0,2
Diedre Makris  ,0,3
Sherilyn Twedt  ,0,2
Kurt Mcloud  ,0,4
Mohammed Ellisor  ,0,4
Joann Toy  ,0,3
Pricilla Ethier  ,0,4
Chance Louden  ,0,1
Lesia Beaton  ,0,3
Waylon Rochon  ,0,2
Alva Shouse  ,0,4
Kelle Almeda  ,0,1
Modesta Oleson  ,0,1
Arica Pressnell  ,0,3
Lauri Eastland  ,0,1
Yadira Zollinger  ,0,1
Irving Paulo  ,0,2
Keneth Sandefur  ,0,3
Kacie Cerna  ,0,2
Larissa Larabee  ,0,2
Shira Kephart  ,0,4
Lauralee File  ,0,4
Dylan Smythe  ,0,3
Cira Poulin  ,0,4
Leonore Sobolik  ,0,2
Adriane Landrith  ,0,2
Miles Clifford  ,0,2
Kelsi Gratz  ,0,3
Sharee Poteete  ,0,2
Emma Metz  ,0,3
Shanell Kutz  ,0,2
Laronda Ranger  ,0,2
Kathrine Tippins  ,0,4
Rosina Pearce  ,0,4
Sheldon Rawlins  ,0,4
Bong Monroe  ,0,4
Kizzy Ramsden  ,0,4
Pennie Messier  ,0,3
Yee Zeller  ,0,4
Zandra Gillette  ,0,4
Ok Palos  ,0,3
Ngoc Fincham  ,0,3
Sherika Stiff  ,0,4
Cordelia Bohman  ,0,3
Len Insley  ,0,1
Dario Felt  ,0,1
Lenard Justin  ,0,2
Shantae Feth  ,0,3
Sylvie Hallberg  ,0,2
Mazie Peck  ,0,1
Leona Dollison  ,0,2
Carmel Kerrigan  ,0,3
Grayce Duda  ,0,3
Olinda Alverson  ,0,2
Kaila Jury  ,0,1
Chan Rathjen  ,0,4
Colette Vargo  ,0,4
Denny Brackins  ,0,1
Bridgette Zepeda  ,0,2
Alayna Barnwell  ,0,3
